Ltla,Main language ,Observation
Adur,Romanian,103
Adur,Bengali (with Sylheti and Chatgaya),110
Adur,Portuguese,115
Adur,Arabic,201
Adur,Polish,262
Allerdale,Turkish,50
Allerdale,Spanish,59
Allerdale,Hungarian,64
Allerdale,Romanian,124
Allerdale,Polish,211
Amber Valley,Hungarian,56
Amber Valley,Spanish,61
Amber Valley,All other Chinese,69
Amber Valley,Romanian,153
Amber Valley,Polish,636
Arun,Bulgarian,547
Arun,Portuguese,632
Arun,Lithuanian,764
Arun,Romanian,884
Arun,Polish,3492
Ashfield,Malayalam,151
Ashfield,Latvian,162
Ashfield,Lithuanian,165
Ashfield,Romanian,561
Ashfield,Polish,1218
Ashford,French,279
Ashford,Malayalam,313
Ashford,Romanian,488
Ashford,Polish,914
Ashford,Nepalese,3187
Babergh,Hungarian,67
Babergh,Portuguese,77
Babergh,Turkish,102
Babergh,Romanian,170
Babergh,Polish,317
Barking and Dagenham,Panjabi,2448
Barking and Dagenham,Urdu,3791
Barking and Dagenham,Lithuanian,4427
Barking and Dagenham,Bengali (with Sylheti and Chatgaya),6475
Barking and Dagenham,Romanian,9988
Barnet,Portuguese,3926
Barnet,Gujarati,5207
Barnet,Polish,5542
Barnet,Persian or Farsi,8442
Barnet,Romanian,11164
Barnsley,Lithuanian,274
Barnsley,Portuguese,288
Barnsley,Latvian,403
Barnsley,Polish,2986
Barnsley,Romanian,3200
Barrow-in-Furness,Turkish,71
Barrow-in-Furness,Arabic,72
Barrow-in-Furness,Romanian,107
Barrow-in-Furness,Polish,110
Barrow-in-Furness,Tagalog or Filipino,116
Basildon,Portuguese,335
Basildon,Malayalam,473
Basildon,Lithuanian,708
Basildon,Polish,852
Basildon,Romanian,2221
Basingstoke and Deane,Spanish,444
Basingstoke and Deane,Portuguese,641
Basingstoke and Deane,Romanian,1099
Basingstoke and Deane,Nepalese,1955
Basingstoke and Deane,Polish,2314
Bassetlaw,Russian,69
Bassetlaw,Kurdish,99
Bassetlaw,Lithuanian,115
Bassetlaw,Romanian,751
Bassetlaw,Polish,2595
Bath and North East Somerset,All other Chinese,601
Bath and North East Somerset,Italian,630
Bath and North East Somerset,Spanish,726
Bath and North East Somerset,Romanian,950
Bath and North East Somerset,Polish,1400
Bedford,Italian,1249
Bedford,Bengali (with Sylheti and Chatgaya),1319
Bedford,Panjabi,2300
Bedford,Romanian,2804
Bedford,Polish,4877
Bexley,Nepalese,1166
Bexley,Tamil,1254
Bexley,Polish,1505
Bexley,Panjabi,2175
Bexley,Romanian,2258
Birmingham,Romanian,10573
Birmingham,Arabic,12758
Birmingham,Bengali (with Sylheti and Chatgaya),13903
Birmingham,Panjabi,17765
Birmingham,Urdu,25131
Blaby,Lithuanian,139
Blaby,Romanian,456
Blaby,Gujarati,698
Blaby,Polish,926
Blaby,Panjabi,1089
Blackburn with Darwen,Romanian,607
Blackburn with Darwen,Polish,1910
Blackburn with Darwen,Panjabi,3070
Blackburn with Darwen,Gujarati,4088
Blackburn with Darwen,Urdu,4266
Blackpool,All other Chinese,168
Blackpool,Malayalam,291
Blackpool,Tagalog or Filipino,308
Blackpool,Romanian,884
Blackpool,Polish,1955
Blaenau Gwent,Panjabi,37
Blaenau Gwent,All other Chinese,47
Blaenau Gwent,Turkish,56
Blaenau Gwent,Romanian,71
Blaenau Gwent,Polish,552
Bolsover,Lithuanian,58
Bolsover,Slovak,82
Bolsover,Bulgarian,89
Bolsover,Romanian,372
Bolsover,Polish,1644
Bolton,Arabic,1528
Bolton,Polish,1708
Bolton,Panjabi,2196
Bolton,Gujarati,5716
Bolton,Urdu,7144
Boston,Latvian,1132
Boston,Russian,1281
Boston,Romanian,1380
Boston,Lithuanian,3452
Boston,Polish,3886
"Bournemouth, Christchurch and Poole",Hungarian,1340
"Bournemouth, Christchurch and Poole",Spanish,3003
"Bournemouth, Christchurch and Poole",Romanian,3066
"Bournemouth, Christchurch and Poole",Portuguese,3869
"Bournemouth, Christchurch and Poole",Polish,6563
Bracknell Forest,Portuguese,450
Bracknell Forest,Hungarian,494
Bracknell Forest,Romanian,989
Bracknell Forest,Polish,1132
Bracknell Forest,Nepalese,1256
Bradford,Slovak,3227
Bradford,Bengali (with Sylheti and Chatgaya),3415
Bradford,Polish,5992
Bradford,Panjabi,13558
Bradford,Urdu,15270
Braintree,Lithuanian,160
Braintree,Spanish,194
Braintree,Portuguese,316
Braintree,Romanian,570
Braintree,Polish,1194
Breckland,Russian,387
Breckland,Romanian,777
Breckland,Lithuanian,1418
Breckland,Portuguese,1751
Breckland,Polish,2640
Brent,Polish,5817
Brent,Portuguese,7817
Brent,Arabic,10618
Brent,Romanian,15570
Brent,Gujarati,21513
Brentwood,Portuguese,119
Brentwood,Spanish,148
Brentwood,Tamil,158
Brentwood,Polish,201
Brentwood,Romanian,377
Bridgend,Lithuanian,93
Bridgend,Malayalam,121
Bridgend,All other Chinese,123
Bridgend,Romanian,234
Bridgend,Polish,686
Brighton and Hove,Portuguese,1418
Brighton and Hove,Polish,1663
Brighton and Hove,Italian,2221
Brighton and Hove,Spanish,2507
Brighton and Hove,Arabic,2620
Bristol,Arabic,2330
Bristol,Romanian,3063
Bristol,Somali,3152
Bristol,Spanish,3858
Bristol,Polish,7017
Broadland,Hungarian,117
Broadland,Portuguese,129
Broadland,Lithuanian,148
Broadland,Romanian,268
Broadland,Polish,309
Bromley,Italian,1167
Bromley,Spanish,1727
Bromley,Romanian,1772
Bromley,Polish,1862
Bromley,Portuguese,1880
Bromsgrove,Arabic,60
Bromsgrove,Romanian,73
Bromsgrove,All other Chinese,76
Bromsgrove,Polish,146
Bromsgrove,Panjabi,215
Broxbourne,Lithuanian,313
Broxbourne,Italian,792
Broxbourne,Romanian,1122
Broxbourne,Polish,1346
Broxbourne,Turkish,1649
Broxtowe,Panjabi,323
Broxtowe,Arabic,376
Broxtowe,All other Chinese,399
Broxtowe,Polish,425
Broxtowe,Hungarian,467
Buckinghamshire,Portuguese,1794
Buckinghamshire,Urdu,3489
Buckinghamshire,Panjabi,4181
Buckinghamshire,Romanian,4378
Buckinghamshire,Polish,5434
Burnley,Romanian,604
Burnley,Bengali (with Sylheti and Chatgaya),799
Burnley,Polish,1016
Burnley,Panjabi,1018
Burnley,Urdu,1560
Bury,Arabic,574
Bury,Persian or Farsi,684
Bury,Panjabi,1340
Bury,Polish,1713
Bury,Urdu,2697
Caerphilly,Panjabi,83
Caerphilly,Turkish,98
Caerphilly,Hungarian,102
Caerphilly,Romanian,130
Caerphilly,Polish,484
Calderdale,Slovak,331
Calderdale,Czech,460
Calderdale,Polish,1484
Calderdale,Urdu,1499
Calderdale,Panjabi,2130
Cambridge,Portuguese,1806
Cambridge,All other Chinese,2212
Cambridge,Italian,2264
Cambridge,Polish,2379
Cambridge,Spanish,2517
Camden,Arabic,2337
Camden,Italian,3080
Camden,Spanish,3521
Camden,Bengali (with Sylheti and Chatgaya),4080
Camden,French,4538
Cannock Chase,Bulgarian,58
Cannock Chase,All other Chinese,65
Cannock Chase,Panjabi,121
Cannock Chase,Polish,304
Cannock Chase,Romanian,366
Canterbury,French,400
Canterbury,Spanish,404
Canterbury,Bulgarian,443
Canterbury,Polish,550
Canterbury,Romanian,1062
Cardiff,Spanish,1282
Cardiff,All other Chinese,1577
Cardiff,Bengali (with Sylheti and Chatgaya),2115
Cardiff,Polish,2566
Cardiff,Arabic,4945
Carlisle,Bulgarian,143
Carlisle,Arabic,162
Carlisle,Portuguese,205
Carlisle,Romanian,431
Carlisle,Polish,1466
Carmarthenshire,All other Chinese,92
Carmarthenshire,Tagalog or Filipino,118
Carmarthenshire,Arabic,197
Carmarthenshire,Romanian,282
Carmarthenshire,Polish,2145
Castle Point,Tamil,76
Castle Point,Polish,83
Castle Point,Turkish,102
Castle Point,Romanian,139
Castle Point,Other European language (non-national): Yiddish,148
Central Bedfordshire,Spanish,464
Central Bedfordshire,Hungarian,468
Central Bedfordshire,Portuguese,482
Central Bedfordshire,Romanian,2876
Central Bedfordshire,Polish,2896
Ceredigion,French,64
Ceredigion,Arabic,106
Ceredigion,Romanian,109
Ceredigion,All other Chinese,134
Ceredigion,Polish,741
Charnwood,Bengali (with Sylheti and Chatgaya),745
Charnwood,Panjabi,756
Charnwood,Romanian,950
Charnwood,Polish,1301
Charnwood,Gujarati,2949
Chelmsford,Portuguese,393
Chelmsford,Tamil,431
Chelmsford,Malayalam,671
Chelmsford,Polish,778
Chelmsford,Romanian,1368
Cheltenham,Bulgarian,383
Cheltenham,Spanish,383
Cheltenham,Portuguese,519
Cheltenham,Romanian,821
Cheltenham,Polish,2052
Cherwell,Spanish,631
Cherwell,Hungarian,891
Cherwell,Portuguese,1061
Cherwell,Romanian,2022
Cherwell,Polish,3301
Cheshire East,Spanish,525
Cheshire East,Portuguese,621
Cheshire East,Slovak,721
Cheshire East,Romanian,2234
Cheshire East,Polish,5102
Cheshire West and Chester,Bulgarian,427
Cheshire West and Chester,Spanish,589
Cheshire West and Chester,Portuguese,604
Cheshire West and Chester,Romanian,992
Cheshire West and Chester,Polish,2843
Chesterfield,Malayalam,102
Chesterfield,Urdu,111
Chesterfield,Turkish,112
Chesterfield,Romanian,205
Chesterfield,Polish,407
Chichester,Bulgarian,154
Chichester,Spanish,192
Chichester,Portuguese,247
Chichester,Romanian,440
Chichester,Polish,915
Chorley,Hungarian,100
Chorley,Spanish,138
Chorley,Arabic,144
Chorley,Romanian,173
Chorley,Polish,804
City of London,German,102
City of London,All other Chinese,148
City of London,Italian,168
City of London,French,169
City of London,Spanish,243
Colchester,Spanish,527
Colchester,All other Chinese,539
Colchester,Nepalese,766
Colchester,Polish,1282
Colchester,Romanian,2033
Conwy,Arabic,75
Conwy,Romanian,108
Conwy,Spanish,115
Conwy,All other Chinese,126
Conwy,Polish,450
Copeland,Cantonese Chinese,29
Copeland,All other Chinese,32
Copeland,Romanian,51
Copeland,Arabic,53
Copeland,Polish,102
Cornwall,Cornish,471
Cornwall,Portuguese,678
Cornwall,Lithuanian,870
Cornwall,Romanian,1128
Cornwall,Polish,1853
Cotswold,Portuguese,92
Cotswold,Hungarian,111
Cotswold,Spanish,130
Cotswold,Polish,289
Cotswold,Romanian,302
County Durham,Spanish,407
County Durham,Romanian,517
County Durham,Arabic,596
County Durham,All other Chinese,1208
County Durham,Polish,1787
Coventry,Urdu,2418
Coventry,Tamil,2614
Coventry,Romanian,7145
Coventry,Panjabi,7498
Coventry,Polish,7719
Craven,Spanish,39
Craven,Urdu,40
Craven,Romanian,52
Craven,Hungarian,134
Craven,Polish,167
Crawley,Gujarati,1271
Crawley,Tamil,1426
Crawley,Portuguese,1543
Crawley,Polish,1992
Crawley,Romanian,2368
Croydon,Spanish,3813
Croydon,Romanian,4194
Croydon,Portuguese,4876
Croydon,Tamil,5215
Croydon,Polish,6262
Dacorum,Bulgarian,366
Dacorum,Urdu,443
Dacorum,Portuguese,459
Dacorum,Polish,1036
Dacorum,Romanian,2137
Darlington,Panjabi,174
Darlington,Arabic,188
Darlington,Bengali (with Sylheti and Chatgaya),250
Darlington,Romanian,624
Darlington,Polish,1341
Dartford,Lithuanian,486
Dartford,Panjabi,552
Dartford,Tamil,1002
Dartford,Polish,1118
Dartford,Romanian,1205
Denbighshire,Turkish,85
Denbighshire,Arabic,114
Denbighshire,All other Chinese,122
Denbighshire,Tagalog or Filipino,147
Denbighshire,Polish,294
Derby,Romanian,1784
Derby,Slovak,2285
Derby,Urdu,4050
Derby,Polish,4071
Derby,Panjabi,5528
Derbyshire Dales,Turkish,25
Derbyshire Dales,All other Chinese,29
Derbyshire Dales,Arabic,31
Derbyshire Dales,Spanish,39
Derbyshire Dales,Polish,173
Doncaster,Turkish,631
Doncaster,Slovak,689
Doncaster,Kurdish,699
Doncaster,Romanian,5428
Doncaster,Polish,6495
Dorset,Spanish,321
Dorset,Bulgarian,354
Dorset,Nepalese,384
Dorset,Romanian,480
Dorset,Polish,1497
Dover,French,173
Dover,Romanian,236
Dover,Nepalese,420
Dover,Slovak,459
Dover,Polish,568
Dudley,Arabic,922
Dudley,Romanian,1060
Dudley,Polish,1528
Dudley,Panjabi,2156
Dudley,Urdu,2420
Ealing,Gujarati,4896
Ealing,Tamil,5552
Ealing,Arabic,8775
Ealing,Polish,15449
Ealing,Panjabi,17286
East Cambridgeshire,Spanish,171
East Cambridgeshire,Portuguese,338
East Cambridgeshire,Lithuanian,394
East Cambridgeshire,Romanian,485
East Cambridgeshire,Polish,1142
East Devon,Tagalog or Filipino,106
East Devon,Hungarian,139
East Devon,Spanish,139
East Devon,Romanian,407
East Devon,Polish,491
East Hampshire,Portuguese,166
East Hampshire,Tagalog or Filipino,170
East Hampshire,Spanish,201
East Hampshire,Romanian,513
East Hampshire,Polish,694
East Hertfordshire,Spanish,486
East Hertfordshire,Romanian,685
East Hertfordshire,Portuguese,738
East Hertfordshire,Italian,773
East Hertfordshire,Polish,844
East Lindsey,Turkish,70
East Lindsey,Lithuanian,128
East Lindsey,Romanian,132
East Lindsey,Hungarian,160
East Lindsey,Polish,571
East Riding of Yorkshire,Portuguese,355
East Riding of Yorkshire,Romanian,529
East Riding of Yorkshire,Russian,575
East Riding of Yorkshire,Latvian,626
East Riding of Yorkshire,Polish,1672
East Staffordshire,Hungarian,774
East Staffordshire,Panjabi,898
East Staffordshire,Urdu,1352
East Staffordshire,Romanian,1700
East Staffordshire,Polish,2878
East Suffolk,Hungarian,264
East Suffolk,Lithuanian,277
East Suffolk,Portuguese,470
East Suffolk,Polish,582
East Suffolk,Romanian,652
Eastbourne,Arabic,275
Eastbourne,Spanish,479
Eastbourne,Romanian,684
Eastbourne,Portuguese,948
Eastbourne,Polish,1133
Eastleigh,Spanish,191
Eastleigh,Portuguese,232
Eastleigh,Panjabi,271
Eastleigh,Romanian,399
Eastleigh,Polish,908
Eden,Spanish,32
Eden,All other Chinese,33
Eden,Hindi,44
Eden,Polish,324
Eden,Romanian,395
Elmbridge,Romanian,438
Elmbridge,Italian,465
Elmbridge,Portuguese,536
Elmbridge,Spanish,614
Elmbridge,Polish,1014
Enfield,Polish,4804
Enfield,Greek,5116
Enfield,Bulgarian,5569
Enfield,Romanian,5734
Enfield,Turkish,18765
Epping Forest,Panjabi,459
Epping Forest,Bulgarian,541
Epping Forest,Turkish,646
Epping Forest,Polish,704
Epping Forest,Romanian,1250
Epsom and Ewell,Urdu,384
Epsom and Ewell,Tamil,393
Epsom and Ewell,Romanian,416
Epsom and Ewell,Polish,504
Epsom and Ewell,Portuguese,934
Erewash,Portuguese,111
Erewash,Panjabi,130
Erewash,Hungarian,150
Erewash,Romanian,298
Erewash,Polish,690
Exeter,Arabic,572
Exeter,Spanish,643
Exeter,All other Chinese,860
Exeter,Romanian,916
Exeter,Polish,1652
Fareham,Spanish,114
Fareham,All other Chinese,116
Fareham,Portuguese,121
Fareham,Romanian,193
Fareham,Polish,231
Fenland,Latvian,549
Fenland,Bulgarian,615
Fenland,Russian,690
Fenland,Polish,1762
Fenland,Lithuanian,3084
Flintshire,Hungarian,276
Flintshire,Lithuanian,377
Flintshire,Bulgarian,487
Flintshire,Romanian,793
Flintshire,Polish,2136
Folkestone and Hythe,Czech,194
Folkestone and Hythe,Slovak,235
Folkestone and Hythe,Polish,304
Folkestone and Hythe,Romanian,310
Folkestone and Hythe,Nepalese,1938
Forest of Dean,Spanish,41
Forest of Dean,Hungarian,50
Forest of Dean,Bulgarian,61
Forest of Dean,Polish,380
Forest of Dean,Romanian,382
Fylde,Spanish,90
Fylde,Italian,97
Fylde,Latvian,176
Fylde,Russian,241
Fylde,Polish,265
Gateshead,Persian or Farsi,377
Gateshead,Romanian,503
Gateshead,Kurdish,693
Gateshead,Arabic,894
Gateshead,Polish,1150
Gedling,Portuguese,153
Gedling,Italian,184
Gedling,Urdu,222
Gedling,Panjabi,292
Gedling,Polish,786
Gloucester,Czech,468
Gloucester,Malayalam,477
Gloucester,Gujarati,546
Gloucester,Romanian,953
Gloucester,Polish,2569
Gosport,Bulgarian,76
Gosport,Turkish,83
Gosport,Portuguese,87
Gosport,Romanian,151
Gosport,Polish,382
Gravesham,Slovak,466
Gravesham,Lithuanian,928
Gravesham,Polish,1343
Gravesham,Romanian,1525
Gravesham,Panjabi,3846
Great Yarmouth,Malayalam,294
Great Yarmouth,Polish,457
Great Yarmouth,Romanian,537
Great Yarmouth,Lithuanian,1407
Great Yarmouth,Portuguese,1782
Greenwich,Polish,2245
Greenwich,Portuguese,2540
Greenwich,Spanish,2990
Greenwich,Romanian,4629
Greenwich,Nepalese,5854
Guildford,Romanian,649
Guildford,Portuguese,682
Guildford,All other Chinese,719
Guildford,Polish,916
Guildford,Spanish,930
Gwynedd,French,124
Gwynedd,Romanian,196
Gwynedd,All other Chinese,273
Gwynedd,Arabic,289
Gwynedd,Polish,344
Hackney,Other European language (non-national): Yiddish,3174
Hackney,Portuguese,3185
Hackney,French,3315
Hackney,Spanish,4984
Hackney,Turkish,8008
Halton,Hungarian,143
Halton,Bulgarian,146
Halton,Arabic,242
Halton,Romanian,656
Halton,Polish,663
Hambleton,Arabic,49
Hambleton,Slovak,51
Hambleton,Russian,66
Hambleton,Romanian,92
Hambleton,Polish,437
Hammersmith and Fulham,Portuguese,2375
Hammersmith and Fulham,Arabic,2809
Hammersmith and Fulham,Italian,4003
Hammersmith and Fulham,Spanish,4389
Hammersmith and Fulham,French,4462
Harborough,Portuguese,99
Harborough,Romanian,222
Harborough,Polish,307
Harborough,Panjabi,335
Harborough,Gujarati,363
Haringey,Portuguese,4204
Haringey,Romanian,5369
Haringey,Polish,5921
Haringey,Spanish,8011
Haringey,Turkish,9581
Harlow,Hungarian,354
Harlow,Turkish,372
Harlow,Lithuanian,435
Harlow,Polish,1569
Harlow,Romanian,1912
Harrogate,All other Chinese,215
Harrogate,Spanish,237
Harrogate,Romanian,344
Harrogate,Hungarian,369
Harrogate,Polish,1254
Harrow,Polish,2886
Harrow,Arabic,3224
Harrow,Tamil,8696
Harrow,Gujarati,17298
Harrow,Romanian,18987
Hart,Portuguese,163
Hart,Spanish,177
Hart,Romanian,315
Hart,Polish,354
Hart,Nepalese,576
Hartlepool,Kurdish,77
Hartlepool,Tamil,89
Hartlepool,Bengali (with Sylheti and Chatgaya),103
Hartlepool,Arabic,264
Hartlepool,Polish,433
Hastings,Arabic,223
Hastings,Kurdish,242
Hastings,Russian,295
Hastings,Polish,412
Hastings,Romanian,669
Havant,Portuguese,99
Havant,Spanish,112
Havant,Malayalam,223
Havant,Polish,311
Havant,Romanian,486
Havering,Bengali (with Sylheti and Chatgaya),1131
Havering,Polish,1320
Havering,Panjabi,1393
Havering,Lithuanian,2203
Havering,Romanian,5742
Herefordshire,Hungarian,307
Herefordshire,Bulgarian,471
Herefordshire,Lithuanian,572
Herefordshire,Romanian,1548
Herefordshire,Polish,3005
Hertsmere,Italian,351
Hertsmere,Portuguese,457
Hertsmere,Gujarati,736
Hertsmere,Polish,787
Hertsmere,Romanian,2759
High Peak,Romanian,47
High Peak,Italian,48
High Peak,Portuguese,49
High Peak,Spanish,59
High Peak,Polish,336
Hillingdon,Urdu,3237
Hillingdon,Tamil,4834
Hillingdon,Polish,5016
Hillingdon,Romanian,5284
Hillingdon,Panjabi,13677
Hinckley and Bosworth,Bulgarian,129
Hinckley and Bosworth,Gujarati,137
Hinckley and Bosworth,Panjabi,162
Hinckley and Bosworth,Romanian,393
Hinckley and Bosworth,Polish,826
Horsham,Italian,253
Horsham,Portuguese,270
Horsham,Spanish,319
Horsham,Polish,469
Horsham,Romanian,531
Hounslow,Nepalese,3471
Hounslow,Urdu,4160
Hounslow,Romanian,5436
Hounslow,Polish,9219
Hounslow,Panjabi,13059
Huntingdonshire,Spanish,332
Huntingdonshire,Portuguese,527
Huntingdonshire,Lithuanian,799
Huntingdonshire,Romanian,919
Huntingdonshire,Polish,2538
Hyndburn,Pakistani Pahari (with Mirpuri and Potwari),122
Hyndburn,Bengali (with Sylheti and Chatgaya),130
Hyndburn,Urdu,1075
Hyndburn,Polish,1131
Hyndburn,Panjabi,1284
Ipswich,Kurdish,771
Ipswich,Lithuanian,1534
Ipswich,Portuguese,1664
Ipswich,Polish,2161
Ipswich,Romanian,3347
Isle of Anglesey,All other Chinese,39
Isle of Anglesey,Portuguese,46
Isle of Anglesey,Arabic,49
Isle of Anglesey,Turkish,58
Isle of Anglesey,Polish,91
Isle of Wight,French,104
Isle of Wight,Spanish,127
Isle of Wight,Tagalog or Filipino,227
Isle of Wight,Romanian,240
Isle of Wight,Polish,486
Isles of Scilly,Spanish,3
Isles of Scilly,Tamil,3
Isles of Scilly,Bulgarian,5
Isles of Scilly,Hungarian,6
Isles of Scilly,Polish,16
Islington,Somali,2056
Islington,Turkish,3560
Islington,Italian,3711
Islington,French,3770
Islington,Spanish,4645
Kensington and Chelsea,Portuguese,1840
Kensington and Chelsea,Arabic,3196
Kensington and Chelsea,Italian,3452
Kensington and Chelsea,Spanish,3630
Kensington and Chelsea,French,4711
King's Lynn and West Norfolk,Portuguese,562
King's Lynn and West Norfolk,Romanian,610
King's Lynn and West Norfolk,Russian,986
King's Lynn and West Norfolk,Polish,1014
King's Lynn and West Norfolk,Lithuanian,2655
Kingston upon Hull,Kurdish,1248
Kingston upon Hull,Arabic,1287
Kingston upon Hull,Lithuanian,1517
Kingston upon Hull,Romanian,3245
Kingston upon Hull,Polish,8564
Kingston upon Thames,Bulgarian,1456
Kingston upon Thames,Polish,1699
Kingston upon Thames,Arabic,1766
Kingston upon Thames,Korean,2113
Kingston upon Thames,Tamil,2593
Kirklees,Arabic,1419
Kirklees,Polish,3282
Kirklees,Gujarati,3346
Kirklees,Panjabi,6656
Kirklees,Urdu,6857
Knowsley,Arabic,202
Knowsley,Malayalam,273
Knowsley,Portuguese,422
Knowsley,Romanian,498
Knowsley,Polish,1011
Lambeth,French,3372
Lambeth,Polish,3639
Lambeth,Italian,4031
Lambeth,Portuguese,9009
Lambeth,Spanish,12319
Lancaster,Spanish,393
Lancaster,Arabic,400
Lancaster,Bulgarian,431
Lancaster,All other Chinese,748
Lancaster,Polish,2006
Leeds,Panjabi,4200
Leeds,Urdu,4411
Leeds,Romanian,4697
Leeds,Arabic,4807
Leeds,Polish,8271
Leicester,Urdu,3332
Leicester,Romanian,4390
Leicester,Polish,7940
Leicester,Panjabi,9330
Leicester,Gujarati,44887
Lewes,Portuguese,160
Lewes,Hungarian,168
Lewes,Romanian,185
Lewes,Spanish,190
Lewes,Polish,355
Lewisham,Italian,2761
Lewisham,Romanian,3122
Lewisham,Portuguese,3130
Lewisham,Tamil,3370
Lewisham,Spanish,6818
Lichfield,Spanish,82
Lichfield,Latvian,115
Lichfield,Panjabi,191
Lichfield,Romanian,234
Lichfield,Polish,466
Lincoln,Russian,560
Lincoln,Bulgarian,628
Lincoln,Lithuanian,928
Lincoln,Romanian,1223
Lincoln,Polish,2385
Liverpool,Romanian,3063
Liverpool,Portuguese,3283
Liverpool,All other Chinese,3326
Liverpool,Polish,4809
Liverpool,Arabic,5743
Luton,Panjabi,2555
Luton,Bengali (with Sylheti and Chatgaya),6311
Luton,Romanian,7455
Luton,Polish,7823
Luton,Urdu,8714
Maidstone,Lithuanian,617
Maidstone,Bulgarian,1120
Maidstone,Romanian,1736
Maidstone,Polish,1901
Maidstone,Nepalese,1969
Maldon,Portuguese,35
Maldon,Hungarian,44
Maldon,Bengali (with Sylheti and Chatgaya),56
Maldon,Romanian,84
Maldon,Polish,119
Malvern Hills,Arabic,53
Malvern Hills,German,63
Malvern Hills,Romanian,97
Malvern Hills,All other Chinese,114
Malvern Hills,Polish,321
Manchester,Panjabi,4591
Manchester,All other Chinese,5019
Manchester,Polish,6471
Manchester,Arabic,10425
Manchester,Urdu,17572
Mansfield,Lithuanian,265
Mansfield,Russian,333
Mansfield,Latvian,590
Mansfield,Romanian,1655
Mansfield,Polish,3325
Medway,Lithuanian,856
Medway,Bulgarian,1325
Medway,Panjabi,1623
Medway,Polish,1802
Medway,Romanian,2064
Melton,Italian,33
Melton,Lithuanian,35
Melton,Portuguese,43
Melton,Romanian,81
Melton,Polish,761
Mendip,Cantonese Chinese,109
Mendip,Spanish,123
Mendip,Portuguese,209
Mendip,Romanian,509
Mendip,Polish,922
Merthyr Tydfil,Romanian,76
Merthyr Tydfil,Malayalam,99
Merthyr Tydfil,Bulgarian,135
Merthyr Tydfil,Portuguese,275
Merthyr Tydfil,Polish,1092
Merton,Spanish,2779
Merton,Urdu,3153
Merton,Portuguese,3157
Merton,Tamil,5271
Merton,Polish,5761
Mid Devon,Russian,72
Mid Devon,Latvian,140
Mid Devon,Lithuanian,200
Mid Devon,Romanian,227
Mid Devon,Polish,782
Mid Suffolk,Lithuanian,75
Mid Suffolk,Nepalese,77
Mid Suffolk,Portuguese,94
Mid Suffolk,Romanian,174
Mid Suffolk,Polish,243
Mid Sussex,Malayalam,316
Mid Sussex,Hungarian,347
Mid Sussex,Spanish,372
Mid Sussex,Polish,502
Mid Sussex,Romanian,627
Middlesbrough,Kurdish,672
Middlesbrough,Panjabi,687
Middlesbrough,Urdu,1001
Middlesbrough,Romanian,1007
Middlesbrough,Arabic,1090
Milton Keynes,Spanish,1334
Milton Keynes,Urdu,1395
Milton Keynes,Tamil,2776
Milton Keynes,Polish,4465
Milton Keynes,Romanian,5269
Mole Valley,Hungarian,173
Mole Valley,Portuguese,205
Mole Valley,Romanian,232
Mole Valley,Spanish,243
Mole Valley,Polish,431
Monmouthshire,Italian,74
Monmouthshire,Spanish,87
Monmouthshire,All other Chinese,88
Monmouthshire,Romanian,98
Monmouthshire,Polish,243
Neath Port Talbot,All other Chinese,102
Neath Port Talbot,Turkish,125
Neath Port Talbot,Bengali (with Sylheti and Chatgaya),150
Neath Port Talbot,Romanian,194
Neath Port Talbot,Polish,294
New Forest,Hungarian,133
New Forest,Portuguese,171
New Forest,Spanish,234
New Forest,Romanian,314
New Forest,Polish,630
Newark and Sherwood,Hungarian,173
Newark and Sherwood,Russian,176
Newark and Sherwood,Lithuanian,727
Newark and Sherwood,Romanian,877
Newark and Sherwood,Polish,1617
Newcastle upon Tyne,Polish,1641
Newcastle upon Tyne,Romanian,1805
Newcastle upon Tyne,All other Chinese,2111
Newcastle upon Tyne,Bengali (with Sylheti and Chatgaya),2228
Newcastle upon Tyne,Arabic,3399
Newcastle-under-Lyme,All other Chinese,155
Newcastle-under-Lyme,Arabic,156
Newcastle-under-Lyme,Malayalam,350
Newcastle-under-Lyme,Romanian,503
Newcastle-under-Lyme,Polish,662
Newham,Portuguese,5629
Newham,Gujarati,6294
Newham,Urdu,7438
Newham,Romanian,17694
Newham,Bengali (with Sylheti and Chatgaya),21407
Newport,Slovak,609
Newport,Arabic,654
Newport,Bengali (with Sylheti and Chatgaya),796
Newport,Romanian,797
Newport,Polish,1503
North Devon,Portuguese,93
North Devon,Spanish,104
North Devon,Romanian,127
North Devon,Bulgarian,151
North Devon,Polish,257
North East Derbyshire,All other Chinese,42
North East Derbyshire,Spanish,51
North East Derbyshire,Hungarian,56
North East Derbyshire,Romanian,79
North East Derbyshire,Polish,235
North East Lincolnshire,Lithuanian,247
North East Lincolnshire,Bulgarian,261
North East Lincolnshire,Latvian,398
North East Lincolnshire,Romanian,1194
North East Lincolnshire,Polish,1566
North Hertfordshire,Spanish,315
North Hertfordshire,Italian,319
North Hertfordshire,Romanian,347
North Hertfordshire,Polish,679
North Hertfordshire,Panjabi,810
North Kesteven,Russian,119
North Kesteven,Latvian,122
North Kesteven,Romanian,137
North Kesteven,Lithuanian,246
North Kesteven,Polish,553
North Lincolnshire,Bengali (with Sylheti and Chatgaya),527
North Lincolnshire,Portuguese,598
North Lincolnshire,Lithuanian,1428
North Lincolnshire,Romanian,1584
North Lincolnshire,Polish,3319
North Norfolk,Portuguese,65
North Norfolk,Bulgarian,75
North Norfolk,Lithuanian,85
North Norfolk,Romanian,119
North Norfolk,Polish,315
North Northamptonshire,Gujarati,1169
North Northamptonshire,Lithuanian,1301
North Northamptonshire,Hungarian,1408
North Northamptonshire,Romanian,8080
North Northamptonshire,Polish,9297
North Somerset,Spanish,319
North Somerset,Hungarian,375
North Somerset,Bulgarian,753
North Somerset,Romanian,976
North Somerset,Polish,2314
North Tyneside,Cantonese Chinese,239
North Tyneside,Arabic,245
North Tyneside,Bengali (with Sylheti and Chatgaya),284
North Tyneside,Polish,451
North Tyneside,Romanian,471
North Warwickshire,Spanish,39
North Warwickshire,Hungarian,44
North Warwickshire,Panjabi,72
North Warwickshire,Polish,241
North Warwickshire,Romanian,438
North West Leicestershire,Lithuanian,77
North West Leicestershire,Panjabi,98
North West Leicestershire,Portuguese,126
North West Leicestershire,Romanian,433
North West Leicestershire,Polish,1173
Northumberland,Spanish,168
Northumberland,Romanian,189
Northumberland,Panjabi,218
Northumberland,Arabic,259
Northumberland,Polish,509
Norwich,Arabic,702
Norwich,Portuguese,917
Norwich,Romanian,1237
Norwich,Lithuanian,1302
Norwich,Polish,1652
Nottingham,Panjabi,1921
Nottingham,Romanian,2780
Nottingham,Arabic,3279
Nottingham,Urdu,4378
Nottingham,Polish,7826
Nuneaton and Bedworth,Gujarati,522
Nuneaton and Bedworth,Nepalese,1227
Nuneaton and Bedworth,Panjabi,1281
Nuneaton and Bedworth,Romanian,1362
Nuneaton and Bedworth,Polish,2309
Oadby and Wigston,Turkish,210
Oadby and Wigston,Polish,321
Oadby and Wigston,Urdu,336
Oadby and Wigston,Gujarati,1276
Oadby and Wigston,Panjabi,1679
Oldham,Polish,1068
Oldham,Romanian,1553
Oldham,Panjabi,2799
Oldham,Urdu,5598
Oldham,Bengali (with Sylheti and Chatgaya),5955
Oxford,Romanian,1466
Oxford,All other Chinese,1580
Oxford,Polish,2185
Oxford,Spanish,2214
Oxford,Portuguese,2707
Pembrokeshire,Arabic,71
Pembrokeshire,German,71
Pembrokeshire,All other Chinese,74
Pembrokeshire,Romanian,152
Pembrokeshire,Polish,311
Pendle,Lithuanian,466
Pendle,Romanian,970
Pendle,Polish,1406
Pendle,Urdu,3441
Pendle,Panjabi,3549
Peterborough,Urdu,2470
Peterborough,Romanian,3575
Peterborough,Portuguese,3707
Peterborough,Lithuanian,6720
Peterborough,Polish,7507
Plymouth,Kurdish,471
Plymouth,Arabic,557
Plymouth,Portuguese,575
Plymouth,Romanian,1464
Plymouth,Polish,2700
Portsmouth,Kurdish,884
Portsmouth,Portuguese,967
Portsmouth,Bengali (with Sylheti and Chatgaya),1636
Portsmouth,Polish,2287
Portsmouth,Romanian,2515
Powys,Arabic,111
Powys,Bulgarian,145
Powys,Romanian,150
Powys,Nepalese,368
Powys,Polish,748
Preston,Arabic,887
Preston,Romanian,1429
Preston,Urdu,1451
Preston,Gujarati,2873
Preston,Polish,3292
Reading,Portuguese,1512
Reading,Urdu,1520
Reading,Romanian,2642
Reading,Nepalese,4147
Reading,Polish,4154
Redbridge,Tamil,7134
Redbridge,Urdu,8315
Redbridge,Panjabi,8481
Redbridge,Bengali (with Sylheti and Chatgaya),9802
Redbridge,Romanian,12828
Redcar and Cleveland,All other Chinese,51
Redcar and Cleveland,Tamil,64
Redcar and Cleveland,Romanian,91
Redcar and Cleveland,Polish,171
Redcar and Cleveland,Arabic,290
Redditch,Malayalam,231
Redditch,Hungarian,312
Redditch,Urdu,539
Redditch,Romanian,809
Redditch,Polish,2984
Reigate and Banstead,Tamil,444
Reigate and Banstead,Spanish,495
Reigate and Banstead,Polish,736
Reigate and Banstead,Portuguese,747
Reigate and Banstead,Romanian,749
Rhondda Cynon Taf,Turkish,145
Rhondda Cynon Taf,All other Chinese,191
Rhondda Cynon Taf,Romanian,218
Rhondda Cynon Taf,Portuguese,221
Rhondda Cynon Taf,Polish,662
Ribble Valley,Italian,40
Ribble Valley,Urdu,40
Ribble Valley,Panjabi,41
Ribble Valley,Spanish,41
Ribble Valley,Polish,245
Richmond upon Thames,Portuguese,1200
Richmond upon Thames,Italian,1215
Richmond upon Thames,Turkish,1446
Richmond upon Thames,Polish,1628
Richmond upon Thames,Spanish,1791
Richmondshire,German,32
Richmondshire,Romanian,43
Richmondshire,Oceanic or Australian language,90
Richmondshire,Polish,95
Richmondshire,Nepalese,1060
Rochdale,Pakistani Pahari (with Mirpuri and Potwari),1384
Rochdale,Bengali (with Sylheti and Chatgaya),1413
Rochdale,Panjabi,1818
Rochdale,Polish,2628
Rochdale,Urdu,5218
Rochford,Turkish,48
Rochford,Spanish,59
Rochford,Romanian,61
Rochford,Tamil,61
Rochford,Polish,86
Rossendale,Pashto,86
Rossendale,Panjabi,88
Rossendale,Urdu,148
Rossendale,Polish,167
Rossendale,Bengali (with Sylheti and Chatgaya),405
Rother,Spanish,83
Rother,French,93
Rother,Tagalog or Filipino,109
Rother,Polish,143
Rother,Romanian,171
Rotherham,Romanian,700
Rotherham,Panjabi,837
Rotherham,Urdu,1132
Rotherham,Slovak,1224
Rotherham,Polish,1320
Rugby,Hungarian,445
Rugby,Gujarati,605
Rugby,Portuguese,743
Rugby,Romanian,2037
Rugby,Polish,3381
Runnymede,Italian,402
Runnymede,Spanish,427
Runnymede,Portuguese,592
Runnymede,Romanian,661
Runnymede,Polish,679
Rushcliffe,All other Chinese,169
Rushcliffe,Arabic,174
Rushcliffe,Spanish,196
Rushcliffe,Polish,246
Rushcliffe,Panjabi,272
Rushmoor,Portuguese,290
Rushmoor,Urdu,327
Rushmoor,Polish,796
Rushmoor,Romanian,879
Rushmoor,Nepalese,8571
Rutland,Portuguese,33
Rutland,Spanish,38
Rutland,Hungarian,39
Rutland,Oceanic or Australian language,42
Rutland,Polish,137
Ryedale,Spanish,32
Ryedale,Bulgarian,40
Ryedale,Hungarian,58
Ryedale,Romanian,240
Ryedale,Polish,339
Salford,Romanian,1378
Salford,Spanish,1469
Salford,Arabic,2461
Salford,Portuguese,2685
Salford,Polish,4813
Sandwell,Romanian,2394
Sandwell,Urdu,3146
Sandwell,Bengali (with Sylheti and Chatgaya),3313
Sandwell,Polish,5685
Sandwell,Panjabi,20984
Scarborough,Bengali (with Sylheti and Chatgaya),85
Scarborough,Arabic,92
Scarborough,Malayalam,97
Scarborough,Romanian,647
Scarborough,Polish,1048
Sedgemoor,Latvian,261
Sedgemoor,Lithuanian,536
Sedgemoor,Portuguese,599
Sedgemoor,Romanian,862
Sedgemoor,Polish,1520
Sefton,Latvian,361
Sefton,Tamil,407
Sefton,Portuguese,884
Sefton,Romanian,1101
Sefton,Polish,2353
Selby,Italian,69
Selby,Spanish,70
Selby,Bulgarian,92
Selby,Romanian,221
Selby,Polish,1310
Sevenoaks,Russian,181
Sevenoaks,French,185
Sevenoaks,Spanish,240
Sevenoaks,Romanian,324
Sevenoaks,Polish,522
Sheffield,Polish,3045
Sheffield,Slovak,3140
Sheffield,All other Chinese,3731
Sheffield,Urdu,3747
Sheffield,Arabic,6055
Shropshire,Panjabi,292
Shropshire,Arabic,355
Shropshire,Romanian,966
Shropshire,Bulgarian,1270
Shropshire,Polish,1385
Slough,Tamil,1224
Slough,Romanian,3275
Slough,Urdu,6497
Slough,Polish,7724
Slough,Panjabi,9527
Solihull,Romanian,492
Solihull,Urdu,664
Solihull,Gujarati,665
Solihull,Polish,719
Solihull,Panjabi,1163
Somerset West and Taunton,French,270
Somerset West and Taunton,Malayalam,379
Somerset West and Taunton,Portuguese,406
Somerset West and Taunton,Romanian,1083
Somerset West and Taunton,Polish,1700
South Cambridgeshire,Portuguese,570
South Cambridgeshire,Italian,598
South Cambridgeshire,Spanish,702
South Cambridgeshire,Romanian,724
South Cambridgeshire,Polish,1149
South Derbyshire,Hungarian,80
South Derbyshire,Russian,86
South Derbyshire,Romanian,238
South Derbyshire,Polish,652
South Derbyshire,Panjabi,763
South Gloucestershire,Spanish,690
South Gloucestershire,Hungarian,912
South Gloucestershire,Portuguese,1029
South Gloucestershire,Romanian,1712
South Gloucestershire,Polish,2669
South Hams,French,65
South Hams,Romanian,83
South Hams,Spanish,98
South Hams,Arabic,135
South Hams,Polish,152
South Holland,Russian,538
South Holland,Latvian,820
South Holland,Romanian,1293
South Holland,Lithuanian,2147
South Holland,Polish,3737
South Kesteven,Hungarian,344
South Kesteven,Romanian,364
South Kesteven,Portuguese,407
South Kesteven,Lithuanian,678
South Kesteven,Polish,1817
South Lakeland,Italian,81
South Lakeland,Spanish,196
South Lakeland,Hungarian,275
South Lakeland,Romanian,449
South Lakeland,Polish,714
South Norfolk,Hungarian,161
South Norfolk,Portuguese,185
South Norfolk,Bulgarian,227
South Norfolk,Romanian,395
South Norfolk,Polish,599
South Oxfordshire,French,293
South Oxfordshire,Portuguese,470
South Oxfordshire,Spanish,486
South Oxfordshire,Romanian,658
South Oxfordshire,Polish,1385
South Ribble,Arabic,80
South Ribble,Gujarati,125
South Ribble,Romanian,147
South Ribble,Hungarian,151
South Ribble,Polish,626
South Somerset,Tagalog or Filipino,225
South Somerset,Malayalam,271
South Somerset,Portuguese,850
South Somerset,Romanian,1129
South Somerset,Polish,2472
South Staffordshire,All other Chinese,49
South Staffordshire,Spanish,53
South Staffordshire,Romanian,78
South Staffordshire,Polish,110
South Staffordshire,Panjabi,365
South Tyneside,Portuguese,146
South Tyneside,Panjabi,202
South Tyneside,Arabic,262
South Tyneside,Polish,317
South Tyneside,Bengali (with Sylheti and Chatgaya),693
Southampton,Panjabi,1626
Southampton,Portuguese,1936
Southampton,All other Chinese,2077
Southampton,Romanian,3176
Southampton,Polish,10436
Southend-on-Sea,Bengali (with Sylheti and Chatgaya),460
Southend-on-Sea,Tamil,468
Southend-on-Sea,Portuguese,536
Southend-on-Sea,Romanian,744
Southend-on-Sea,Polish,1368
Southwark,All other Chinese,2224
Southwark,French,3527
Southwark,Portuguese,3642
Southwark,Italian,4254
Southwark,Spanish,12998
Spelthorne,Tamil,384
Spelthorne,Portuguese,577
Spelthorne,Panjabi,856
Spelthorne,Romanian,991
Spelthorne,Polish,1592
St Albans,Italian,573
St Albans,Romanian,584
St Albans,Spanish,663
St Albans,Bengali (with Sylheti and Chatgaya),755
St Albans,Polish,852
St. Helens,Portuguese,220
St. Helens,Arabic,266
St. Helens,Hungarian,320
St. Helens,Romanian,633
St. Helens,Polish,1077
Stafford,Panjabi,187
Stafford,Bulgarian,352
Stafford,Nepalese,475
Stafford,Romanian,533
Stafford,Polish,837
Staffordshire Moorlands,Turkish,30
Staffordshire Moorlands,All other Chinese,37
Staffordshire Moorlands,Tamil,45
Staffordshire Moorlands,Romanian,86
Staffordshire Moorlands,Polish,176
Stevenage,Urdu,290
Stevenage,Malayalam,338
Stevenage,Tagalog or Filipino,509
Stevenage,Polish,987
Stevenage,Romanian,1238
Stockport,Panjabi,534
Stockport,Arabic,774
Stockport,Polish,1032
Stockport,Persian or Farsi,1346
Stockport,Urdu,1565
Stockton-on-Tees,Romanian,356
Stockton-on-Tees,Arabic,416
Stockton-on-Tees,Polish,446
Stockton-on-Tees,Panjabi,514
Stockton-on-Tees,Urdu,654
Stoke-on-Trent,Kurdish,1007
Stoke-on-Trent,Panjabi,1058
Stoke-on-Trent,Polish,2779
Stoke-on-Trent,Urdu,2819
Stoke-on-Trent,Romanian,3417
Stratford-on-Avon,Hungarian,163
Stratford-on-Avon,Italian,163
Stratford-on-Avon,Portuguese,170
Stratford-on-Avon,Romanian,691
Stratford-on-Avon,Polish,1322
Stroud,Italian,89
Stroud,Spanish,94
Stroud,Portuguese,109
Stroud,Romanian,165
Stroud,Polish,564
Sunderland,Tagalog or Filipino,354
Sunderland,Panjabi,381
Sunderland,Romanian,402
Sunderland,Bengali (with Sylheti and Chatgaya),813
Sunderland,Polish,864
Surrey Heath,Tagalog or Filipino,241
Surrey Heath,Portuguese,300
Surrey Heath,Romanian,370
Surrey Heath,Polish,438
Surrey Heath,Nepalese,1022
Sutton,Romanian,1504
Sutton,Bulgarian,1718
Sutton,Urdu,1872
Sutton,Polish,2640
Sutton,Tamil,4383
Swale,Russian,305
Swale,Lithuanian,523
Swale,Bulgarian,557
Swale,Polish,985
Swale,Romanian,1065
Swansea,All other Chinese,663
Swansea,Romanian,773
Swansea,Bengali (with Sylheti and Chatgaya),803
Swansea,Arabic,1109
Swansea,Polish,1863
Swindon,Romanian,1885
Swindon,Any other South Asian language,1921
Swindon,Nepalese,2277
Swindon,Portuguese,3134
Swindon,Polish,3427
Tameside,Panjabi,758
Tameside,Gujarati,881
Tameside,Bengali (with Sylheti and Chatgaya),1657
Tameside,Polish,2072
Tameside,Urdu,2179
Tamworth,Hungarian,74
Tamworth,Lithuanian,100
Tamworth,Bulgarian,124
Tamworth,Polish,788
Tamworth,Romanian,1394
Tandridge,French,121
Tandridge,Portuguese,131
Tandridge,Spanish,132
Tandridge,Romanian,166
Tandridge,Polish,264
Teignbridge,Hungarian,63
Teignbridge,Lithuanian,68
Teignbridge,Spanish,93
Teignbridge,Romanian,222
Teignbridge,Polish,332
Telford and Wrekin,Akan,503
Telford and Wrekin,Urdu,574
Telford and Wrekin,Panjabi,1075
Telford and Wrekin,Romanian,1756
Telford and Wrekin,Polish,3089
Tendring,All other Chinese,88
Tendring,Lithuanian,97
Tendring,Turkish,102
Tendring,Romanian,246
Tendring,Polish,415
Test Valley,Hungarian,209
Test Valley,Portuguese,392
Test Valley,Romanian,396
Test Valley,Nepalese,431
Test Valley,Polish,1174
Tewkesbury,Italian,144
Tewkesbury,Romanian,174
Tewkesbury,Bulgarian,183
Tewkesbury,Nepalese,275
Tewkesbury,Polish,849
Thanet,Turkish,305
Thanet,Romanian,355
Thanet,Latvian,358
Thanet,Slovak,563
Thanet,Polish,1003
Three Rivers,Tamil,263
Three Rivers,Polish,464
Three Rivers,Portuguese,681
Three Rivers,Romanian,1049
Three Rivers,Gujarati,1378
Thurrock,Bulgarian,663
Thurrock,Panjabi,682
Thurrock,Lithuanian,2426
Thurrock,Polish,2552
Thurrock,Romanian,4893
Tonbridge and Malling,Russian,174
Tonbridge and Malling,Bulgarian,202
Tonbridge and Malling,Nepalese,249
Tonbridge and Malling,Romanian,390
Tonbridge and Malling,Polish,402
Torbay,Hungarian,160
Torbay,Portuguese,168
Torbay,Tagalog or Filipino,212
Torbay,Romanian,348
Torbay,Polish,1141
Torfaen,All other Chinese,55
Torfaen,Hungarian,55
Torfaen,Romanian,65
Torfaen,Polish,196
Torfaen,Nepalese,250
Torridge,Spanish,29
Torridge,All other Chinese,40
Torridge,Latvian,65
Torridge,Romanian,76
Torridge,Polish,126
Tower Hamlets,Portuguese,3031
Tower Hamlets,French,3663
Tower Hamlets,Spanish,5022
Tower Hamlets,Italian,6643
Tower Hamlets,Bengali (with Sylheti and Chatgaya),32772
Trafford,Panjabi,933
Trafford,Cantonese Chinese,984
Trafford,Arabic,1298
Trafford,Polish,1305
Trafford,Urdu,2055
Tunbridge Wells,Portuguese,234
Tunbridge Wells,Spanish,255
Tunbridge Wells,Bulgarian,450
Tunbridge Wells,Romanian,584
Tunbridge Wells,Polish,845
Uttlesford,Italian,135
Uttlesford,Spanish,181
Uttlesford,Portuguese,224
Uttlesford,Romanian,273
Uttlesford,Polish,449
Vale of Glamorgan,Tagalog or Filipino,113
Vale of Glamorgan,Arabic,120
Vale of Glamorgan,Malayalam,132
Vale of Glamorgan,Spanish,142
Vale of Glamorgan,Polish,196
Vale of White Horse,French,437
Vale of White Horse,Romanian,486
Vale of White Horse,Spanish,499
Vale of White Horse,Portuguese,560
Vale of White Horse,Polish,800
Wakefield,Lithuanian,716
Wakefield,Panjabi,765
Wakefield,Romanian,973
Wakefield,Urdu,1040
Wakefield,Polish,7900
Walsall,Bengali (with Sylheti and Chatgaya),1895
Walsall,Romanian,1948
Walsall,Urdu,2975
Walsall,Polish,3234
Walsall,Panjabi,7437
Waltham Forest,Turkish,3460
Waltham Forest,Polish,4279
Waltham Forest,Bulgarian,4397
Waltham Forest,Urdu,4786
Waltham Forest,Romanian,10573
Wandsworth,Polish,4048
Wandsworth,Portuguese,4289
Wandsworth,Urdu,4576
Wandsworth,Italian,5168
Wandsworth,Spanish,6002
Warrington,Cantonese Chinese,379
Warrington,Slovak,416
Warrington,Hungarian,696
Warrington,Romanian,1501
Warrington,Polish,3015
Warwick,Spanish,808
Warwick,Portuguese,880
Warwick,Romanian,1110
Warwick,Polish,1211
Warwick,Panjabi,2009
Watford,Portuguese,1140
Watford,Tamil,1193
Watford,Urdu,1486
Watford,Polish,1659
Watford,Romanian,3361
Waverley,Spanish,270
Waverley,Portuguese,276
Waverley,Urdu,354
Waverley,Romanian,375
Waverley,Polish,398
Wealden,Italian,139
Wealden,French,157
Wealden,Spanish,199
Wealden,Romanian,315
Wealden,Polish,337
Welwyn Hatfield,Spanish,409
Welwyn Hatfield,Portuguese,505
Welwyn Hatfield,Hungarian,509
Welwyn Hatfield,Polish,1929
Welwyn Hatfield,Romanian,2346
West Berkshire,Hungarian,328
West Berkshire,Spanish,333
West Berkshire,Portuguese,655
West Berkshire,Romanian,806
West Berkshire,Polish,1253
West Devon,French,30
West Devon,All other Chinese,36
West Devon,Spanish,51
West Devon,Romanian,103
West Devon,Polish,166
West Lancashire,Bulgarian,333
West Lancashire,Portuguese,404
West Lancashire,Romanian,475
West Lancashire,Latvian,480
West Lancashire,Polish,674
West Lindsey,Spanish,58
West Lindsey,Russian,68
West Lindsey,Romanian,71
West Lindsey,Lithuanian,132
West Lindsey,Polish,317
West Northamptonshire,Bengali (with Sylheti and Chatgaya),1348
West Northamptonshire,Lithuanian,2007
West Northamptonshire,Russian,2019
West Northamptonshire,Polish,7828
West Northamptonshire,Romanian,15250
West Oxfordshire,Hungarian,200
West Oxfordshire,Spanish,209
West Oxfordshire,Portuguese,436
West Oxfordshire,Romanian,471
West Oxfordshire,Polish,885
West Suffolk,Tagalog or Filipino,320
West Suffolk,Lithuanian,550
West Suffolk,Portuguese,1039
West Suffolk,Romanian,1177
West Suffolk,Polish,2458
Westminster,Portuguese,3283
Westminster,Italian,4202
Westminster,Spanish,4832
Westminster,French,4876
Westminster,Arabic,7446
Wigan,Lithuanian,537
Wigan,Arabic,580
Wigan,Portuguese,592
Wigan,Romanian,1653
Wigan,Polish,2059
Wiltshire,Spanish,524
Wiltshire,Portuguese,728
Wiltshire,Romanian,1787
Wiltshire,Nepalese,2172
Wiltshire,Polish,4062
Winchester,Romanian,216
Winchester,Spanish,250
Winchester,Hungarian,304
Winchester,Polish,480
Winchester,Nepalese,563
Windsor and Maidenhead,Romanian,682
Windsor and Maidenhead,Portuguese,704
Windsor and Maidenhead,Spanish,848
Windsor and Maidenhead,Panjabi,1487
Windsor and Maidenhead,Polish,1582
Wirral,Tamil,379
Wirral,Bengali (with Sylheti and Chatgaya),421
Wirral,All other Chinese,434
Wirral,Romanian,610
Wirral,Polish,974
Woking,Italian,695
Woking,Polish,897
Woking,Portuguese,945
Woking,Urdu,1028
Woking,Romanian,1192
Wokingham,Telugu,757
Wokingham,Urdu,808
Wokingham,Romanian,942
Wokingham,Polish,1003
Wokingham,Panjabi,1038
Wolverhampton,Lithuanian,1370
Wolverhampton,Kurdish,1510
Wolverhampton,Polish,3039
Wolverhampton,Romanian,3543
Wolverhampton,Panjabi,16538
Worcester,Urdu,321
Worcester,Malayalam,435
Worcester,Portuguese,733
Worcester,Romanian,1484
Worcester,Polish,1661
Worthing,Tagalog or Filipino,306
Worthing,Portuguese,313
Worthing,Italian,321
Worthing,Romanian,582
Worthing,Polish,652
Wrexham,Arabic,146
Wrexham,Romanian,325
Wrexham,Bulgarian,556
Wrexham,Portuguese,700
Wrexham,Polish,3266
Wychavon,Hungarian,142
Wychavon,Lithuanian,208
Wychavon,Bulgarian,720
Wychavon,Romanian,1052
Wychavon,Polish,2376
Wyre,Arabic,66
Wyre,Romanian,67
Wyre,All other Chinese,75
Wyre,Polish,130
Wyre,Bulgarian,273
Wyre Forest,Tagalog or Filipino,60
Wyre Forest,Hungarian,93
Wyre Forest,Bengali (with Sylheti and Chatgaya),193
Wyre Forest,Romanian,479
Wyre Forest,Polish,626
York,Romanian,526
York,Italian,543
York,Spanish,597
York,Polish,1344
York,All other Chinese,1538
